company,subject,email
Unknown,Here's an adapted email template based on the provided company information and recent news:,"Subject: Enhancing Financial Security for the Armed Forces Community

Dear [Recipient's Name],

Exciting to see AAFMAA's recent news, including joining the DoD-Led Military Spouse Employment Partnership and selecting Sapiens to modernize customer acquisition processes! These initiatives demonstrate a strong commitment to supporting the armed forces community.

As an organization dedicated to providing financial security for military personnel and their families, I believe our services could complement AAFMAA's offerings. Our expertise in [specific area of finance or insurance] could help enhance the overall value proposition for your members.

Would you be open to exploring potential collaboration opportunities? I'd be more than happy to schedule a call to discuss how we can work together to better serve the armed forces community.

Best regards,

[Your Name]

This adapted email aims to:

1. Show awareness of AAFMAA's news and initiatives, demonstrating interest and understanding of their mission.
2. Highlight the potential synergy between AAFMAA's services and your own organization's expertise.
3. Express a willingness to collaborate and explore opportunities that could benefit the armed forces community.

Feel free to modify the email to better fit your specific needs and goals."
Unknown,Here's an adapted email based on the provided company information and recent news:,"Subject: Enhancing Trading Efficiency with Multichain Token Trading Platform

Dear Blum Team,

I'm intrigued by Blum's decentralized crypto trading platform, which enables multichain token trading across centralized and decentralized exchanges. The integration of tools like the trading terminal, Memepad, and AI-driven bots has likely improved the trading experience for your users. I'm curious to know more about how your platform has enhanced trading efficiency, particularly in terms of token launches and live operations for the $BLUM utility token.

Considering the recent news about redefining value and innovation in Indian furniture fittings, I'm interested in understanding how your digital tools for real-time market interaction, token farming mechanics, and integration within the TON ecosystem have contributed to this achievement.

Would you be available to discuss how Blum's platform has impacted trading efficiency and accuracy for your users? I'd love to set up a time to chat about this further.

Best regards,
[Your Name]"
Unknown,Exploring the Future of Decentralized Crypto Trading with Blum,"I'm interested in how Blum's decentralized crypto trading platform streamlines multichain token trading across centralized and decentralized exchanges, using tools like the trading terminal, Memepad, and AI-driven bots. I saw that your platform facilitates token launches and manages live operations for the native $BLUM utility token, providing digital tools for real-time market interaction, token farming mechanics, and integration within the TON ecosystem. How has this comprehensive platform impacted the accuracy and speed of token trading for your users? I'd love to hear more about Blum's approach to decentralized exchanges. Would you be up for a conversation next week?"
Unknown,Exploring Blum's Multichain Token Trading Capabilities,"I'm intrigued by Blum's decentralized trading platform, which enables multichain token trading across centralized and decentralized exchanges. I saw that your platform offers a trading terminal, Memepad, and AI-driven bots, facilitating token launches and live operations for your native $BLUM utility token. How has this comprehensive platform impacted the speed and efficiency of token trading for your users? I'd love to hear more about Blum's integration within the TON ecosystem when you have a moment."
blum-b1c3,Unlocking Multichain Token Trading with Blum,"I'm intrigued by how Blum's decentralized crypto trading platform is revolutionizing the way users interact with the market. I saw that your platform offers a unique combination of tools like a trading terminal, Memepad, and bots, enabling multichain token trading across exchanges. How has this comprehensive approach impacted the trading experience for your users? I'd love to hear more about your token farming mechanics and integration within the TON ecosystem when you have a moment."
hp,Exploring HP's Innovative Edge,"I hope you had a great weekend. I wanted to reach out as a tech enthusiast really interested in what you are doing in the realm of personal systems and printing. 
As I see it – the future of work and play is being reshaped by the intersection of hardware and software. This is especially important when making innovative, customer-centric solutions critical for individuals and businesses looking to stay ahead of the curve. HP's approach to creating intuitive, secure, and sustainable experiences ensures that users can unlock their full potential while maintaining trust in all aspects of their digital lives. With technology advancing rapidly across industries, HP appears to be uniquely positioned to become a key enabler of innovative experiences.
Are you free sometime next Thursday or Friday for a quick chat? I would love to learn about how you drive innovation at HP. Feel free to send some availability, and we can be flexible. Looking forward to it."
ramp-financial,Exploring the Future of Financial Management,"I hope you had a great weekend. I wanted to reach out as a vertical software investor really interested in what you are doing at Ramp Financial.
As I see it – financial management platforms tend to be only as efficient as the systems they’re built on. This is especially important when making high-quality, scalable financial solutions critical for enterprises looking to optimize their financial operations. Ramp Financial’s approach to streamlining financial management ensures that businesses can accelerate growth while maintaining transparency and control in all spheres of financial operations. With financial technology expanding rapidly across sectors, Ramp Financial is uniquely positioned to become a key enabler of financially-driven enterprises.
Are you free sometime next Thursday or Friday for a quick chat? I would love to learn about how you built this business. Feel free to send some availability, and we can be flexible. I'd love to hear more about your vision for the future of financial management. Would you be up for a conversation next week?"
ramp-financial,Exciting Developments in Finance Operations,"I hope you had a great weekend. I wanted to reach out as a FinTech enthusiast really interested in what you are doing at Ramp.
As I see it – unified finance operations are reaching an inflection point. Finance teams increasingly need AI-powered solutions to streamline expense tracking, bill payments, and vendor management to improve visibility and reduce manual tasks. Ramp is uniquely positioned to capitalize on this demand by providing a seamless, integrated platform that enhances productivity while ensuring proactive spending management—an invaluable advantage in today’s market.
Are you free sometime next Thursday or Friday for a quick chat? I would love to hear more about how you're leveraging AI to automate expense submission and invoice processing. Would you be up for a conversation next week?"
ramp-financial,Exploring the Future of Finance Operations with Ramp,"I hope you had a great weekend. I wanted to reach out as a FinTech enthusiast really interested in what you are doing at Ramp.
As I see it – automation in finance operations is reaching an inflection point. Finance teams increasingly need AI-driven platforms to streamline expense tracking, bill payments, and vendor workflows to improve visibility and reduce manual tasks. Ramp is uniquely positioned to capitalize on this demand by providing a unified finance operations platform that embeds policy controls, approval workflows, and real-time alerts – an invaluable advantage in today’s market.
Are you free next Thursday or Friday for a quick chat? I'd love to hear more about how Ramp's AI automates expense submission, invoice processing, and data coding. Would you be up for a conversation next week?"
Unknown,Exploring Unknown's Impact in Multiple Industries,"I'm interested in how Unknown's diverse industry presence is driving innovation, like the recent news surrounding [Recent News]. How are you leveraging this momentum to tackle emerging challenges in [Industry] and beyond?

I'd love to hear more about Unknown's vision for the future. Would you be up for a conversation next week?"
Unknown,Exploring Unknown's Impact in [Industry],"I'm intrigued by Unknown's innovative approach to [Industry], particularly with the recent [Recent News]. How is the company planning to leverage this momentum to drive further growth and expansion in the [Industry] sector, given the ongoing [industry-specific challenges]?

I'd love to hear more about Unknown's strategy. Would you be up for a conversation next week?"
Unknown,Exploring Unknown's Impact in [Industry],"I'm intrigued by Unknown's presence in [Industry], particularly with the recent [Recent News]. How is Unknown addressing the [specific challenge or opportunity] in this space, and what are the plans to further expand its footprint?

I'd love to hear more about Unknown's approach to [specific company aspect]. Would you be up for a conversation next week?"
Unknown,Exploring Unknown's Impact in [Industry],"I'm intrigued by Unknown's presence in [Industry], particularly with the recent [Recent News]. How is Unknown addressing the ongoing [industry-specific challenge], and what innovative solutions are being developed to tackle this issue?

I'd love to hear more about Unknown's approach to [specific company aspect]. Would you be up for a conversation next week?"
Unknown,Exploring Unknown's Impact in [Industry],"I'm intrigued by Unknown's innovative approach to [Industry], particularly in light of recent news surrounding [Recent News]. How is Unknown planning to leverage its expertise to drive further growth and expansion in this space, given the ongoing [industry-specific challenge]? 

I'd love to hear more about Unknown's vision for the future. Would you be up for a conversation next week?"
